num,columnes,score
3,headache sex neuro final_diagnosis_code,0.6973290364964698
3,hepato fever artritis final_diagnosis_code,0.749331133521985
3,inflam_periferic shock_first home_confirmed final_diagnosis_code,0.5404974752626375
3,sex nasal_congestion dysphonia final_diagnosis_code,0.7381861348625678
3,disfonia_first nasal_first dolor_toracic final_diagnosis_code,0.730795051588168
3,sympt_epi neuro gi_symptoms final_diagnosis_code,0.7644866009636567
3,odynophagia home_confirmed dermatologic final_diagnosis_code,0.7984950652183587
3,nasal_congestion crup odynophagia final_diagnosis_code,0.735620312447234
3,spleno_first home_confirmed nuchal_stiffness final_diagnosis_code,0.7878517863659391
3,fever lymph_first tachypnea final_diagnosis_code,0.7147634757646866
3,nuchal_stiffness dysphonia spleno_first final_diagnosis_code,0.7489190506021606
3,home_confirmed hepato_first hemorr_first final_diagnosis_code,0.7850043913203887
3,hepato flu_binary headache final_diagnosis_code,0.7489866348750479
3,dermatologic nuchal_stiffness sympt_epi final_diagnosis_code,0.7822339313886697
3,irritability gi_first sympt_epi final_diagnosis_code,0.7835726506688434
3,ocular_pain tos school_confirmed final_diagnosis_code,0.762378673338501
3,smokers_home gi_symptoms headache_first final_diagnosis_code,0.7606607503371076
3,spleno_first abdominal_pain sympt_epi final_diagnosis_code,0.7758491970056646
3,dysphonia gi_symptoms neuro_first final_diagnosis_code,0.7095521897127229
3,spleno_first sympt_epi disfonia_first final_diagnosis_code,0.7832834313141356
4,tachypnea crup_first dyarrea gi_symptoms final_diagnosis_code,0.7370958364415371
4,taste_first inflam_periferic hepato tachypnea final_diagnosis_code,0.8107287128138049
4,flu_binary resp peripheral_paralysis gi_symptoms final_diagnosis_code,0.7783442298197809
4,ct2 shock nuchal_stiffness resp final_diagnosis_code,0.731753199444847
4,headache_first hemorrhagies neuro conjuntivitis final_diagnosis_code,0.7770171786884192
4,shock_first ausc_resp inflam_periferic sympt_epi final_diagnosis_code,0.6236695241556128
4,tos lymph_first inflam_periferic flu_binary final_diagnosis_code,0.7855882850604573
4,gi_first school_symptoms home_confirmed headache final_diagnosis_code,0.8166793715162199
4,hemorr_first gi_first abdominal_pain inflam_periferic final_diagnosis_code,0.758210699072243
4,odynophagia tachypnea ausc_resp gi_first final_diagnosis_code,0.7517200480164432
4,nuchal_stiffness resp ausc_resp spleno_first final_diagnosis_code,0.7944973323920852
4,inflam_periferic school_symptoms mialgies final_diagnosis_code final_diagnosis_code,0.6206147285468304
4,home_confirmed symptoms_binary flu_binary crup final_diagnosis_code,0.8408759888314743
4,inflam_periferic dermatologic wheezing disfonia_first final_diagnosis_code,0.7666629229439446
4,sex neuro taste_first school_symptoms final_diagnosis_code,0.7761892999895852
4,sympt_epi school_symptoms hepato nasal_congestion final_diagnosis_code,0.8122249337773756
4,highest_fever headache_first shock odynophagia final_diagnosis_code,0.7688911163547301
4,nasal_first resp nasal_congestion conjuntivitis final_diagnosis_code,0.7944404226462762
4,tos nuchal_stiffness irritability hemorrhagies final_diagnosis_code,0.6519287336015014
4,final_diagnosis_code crackles shock conjuntivitis final_diagnosis_code,0.5931340838229878
5,gi_symptoms crackles wheezing tos sympt_epi final_diagnosis_code,0.8562435055521673
5,shock ct2 hemorrhagies crup dolor_toracic final_diagnosis_code,0.8081983773061667
5,lymph_first shock_first disfonia_first school_symptoms dysphonia final_diagnosis_code,0.6652010202950674
5,ausc_resp hemorrhagies lymph_first shock crup_first final_diagnosis_code,0.811812778230744
5,tachypnea shock crup_first nasal_congestion school_symptoms final_diagnosis_code,0.8083215581599613
5,final_diagnosis_code spleno_first hepato_first dysphonia hemorr_first final_diagnosis_code,0.6644107717755314
5,conjuntivitis gi_first nasal_congestion spleno_first final_diagnosis_code final_diagnosis_code,0.6643255096259945
5,gi_symptoms ct2 school_symptoms shock_first artralgies final_diagnosis_code,0.6433142348850747
5,neuro crup_first sympt_epi headache final_diagnosis_code final_diagnosis_code,0.6741246809567384
5,tos ct2 headache home_confirmed nasal_congestion final_diagnosis_code,0.7364192843298047
5,fever crackles disfonia_first flu_binary taste_first final_diagnosis_code,0.8352261312113823
5,sympt_epi symptoms_binary dermatologic wheezing taste_first final_diagnosis_code,0.8691172125377001
5,sex nasal_congestion conjuntivitis odynophagia gi_symptoms final_diagnosis_code,0.8084296893889215
5,spleno_first wheezing school_symptoms hemorrhagies ct2 final_diagnosis_code,0.8227288757219241
5,abdominal_pain school_symptoms dermatologic crup_first dysphonia final_diagnosis_code,0.7501405311212336
5,ocular_pain gi_symptoms nasal_first nasal_congestion shock_first final_diagnosis_code,0.6608148109256442
5,shock_first highest_fever fever hepato_first neuro_first final_diagnosis_code,0.6256360637501581
5,inflam_periferic mialgies school_confirmed sympt_epi abdominal_pain final_diagnosis_code,0.805624163517605
5,school_confirmed school_symptoms nasal_first crup odynophagia final_diagnosis_code,0.8225542508185559
5,artritis mialgies headache_first taste_first crup final_diagnosis_code,0.8063979856070539
6,abdominal_pain disfonia_first school_confirmed symptoms_binary resp inflam_periferic final_diagnosis_code,0.8233520795118557
6,fever artritis shock school_symptoms abdominal_pain final_diagnosis_code final_diagnosis_code,0.715651243256965
6,mialgies nasal_first artralgies dermatologic shock_first fatiga final_diagnosis_code,0.7105760763989867
6,headache fatiga abdominal_pain symptoms_binary spleno_first neuro final_diagnosis_code,0.7982523048570022
6,shock home_confirmed gi_first shock_first hepato dolor_toracic final_diagnosis_code,0.7284012989990678
6,nasal_congestion resp crackles sympt_epi school_symptoms peripheral_paralysis final_diagnosis_code,0.8194120088408307
6,school_confirmed crup_first tachypnea lymph_first gi_first dermatologic final_diagnosis_code,0.7962153867812951
6,flu_binary neuro_first crackles nasal_first wheezing shock final_diagnosis_code,0.8336479064073038
6,headache_first symptoms_binary wheezing inflam_periferic nasal_congestion flu_binary final_diagnosis_code,0.8502676057744993
6,wheezing ausc_resp tos dyarrea flu_binary abdominal_pain final_diagnosis_code,0.8291060867218406
6,dyarrea school_confirmed ocular_pain resp disfonia_first headache final_diagnosis_code,0.815356874208064
6,flu_binary hemorrhagies spleno_first headache school_symptoms nasal_congestion final_diagnosis_code,0.8458469134431942
6,irritability school_confirmed symptoms_binary neuro_first crup home_confirmed final_diagnosis_code,0.8141384690376465
6,crup final_diagnosis_code ct2 taste_first home_confirmed dysphonia final_diagnosis_code,0.7082573627824644
6,artralgies spleno_first crup_first dyarrea gi_symptoms disfonia_first final_diagnosis_code,0.8161043124058721
6,abdominal_pain gi_first highest_fever taste_first tos hemorrhagies final_diagnosis_code,0.7873293930030775
6,gi_symptoms conjuntivitis ct2 symptoms_binary sympt_epi crup_first final_diagnosis_code,0.8256539412581373
6,sex nasal_congestion dermatologic flu_binary hemorr_first resp final_diagnosis_code,0.6930669853495266
6,shock_first nuchal_stiffness ausc_resp highest_fever tachypnea ocular_pain final_diagnosis_code,0.575354421674408
6,odynophagia nasal_first taste_first hepato crup mialgies final_diagnosis_code,0.7297167534418518
7,dysphonia sympt_epi mialgies dermatologic smokers_home dolor_toracic sex final_diagnosis_code,0.739742991155766
7,smokers_home tos ct2 odynophagia tachypnea gi_symptoms school_symptoms final_diagnosis_code,0.7350968132836373
7,lymph_first gi_first tos home_confirmed ct2 headache crup_first final_diagnosis_code,0.7440669143059646
7,symptoms_binary highest_fever wheezing dyarrea dolor_toracic flu_binary headache final_diagnosis_code,0.8350067886183545
7,odynophagia shock tachypnea wheezing peripheral_paralysis spleno_first sympt_epi final_diagnosis_code,0.8614005122096392
7,headache hepato hemorr_first inflam_periferic highest_fever tos smokers_home final_diagnosis_code,0.7573701948779399
7,sex headache dolor_toracic mialgies nasal_congestion abdominal_pain dyarrea final_diagnosis_code,0.8351737421866487
7,artritis fatiga hemorr_first neuro dyarrea irritability spleno_first final_diagnosis_code,0.688073352176735
7,smokers_home lymph_first tos odynophagia gi_symptoms spleno_first nuchal_stiffness final_diagnosis_code,0.6886287793803791
7,irritability tos ct2 school_symptoms mialgies dysphonia smokers_home final_diagnosis_code,0.7336493332317535
7,odynophagia fatiga conjuntivitis school_symptoms headache highest_fever ct2 final_diagnosis_code,0.678141926179486
7,ausc_resp school_symptoms neuro_first flu_binary abdominal_pain nasal_congestion headache_first final_diagnosis_code,0.7657465999697535
7,ct2 hepato dyarrea artritis tos ausc_resp tachypnea final_diagnosis_code,0.7498606310506108
7,symptoms_binary ausc_resp school_confirmed taste_first shock_first mialgies abdominal_pain final_diagnosis_code,0.7138037344559162
7,headache neuro_first nasal_congestion hemorrhagies dolor_toracic flu_binary resp final_diagnosis_code,0.8129179541818127
7,school_confirmed ocular_pain wheezing sympt_epi dyarrea abdominal_pain tos final_diagnosis_code,0.8732638992354418
7,dyarrea dolor_toracic wheezing disfonia_first gi_first spleno_first flu_binary final_diagnosis_code,0.8566135530491543
7,lymph_first spleno_first tachypnea home_confirmed peripheral_paralysis dyarrea shock final_diagnosis_code,0.8236426946859227
7,shock_first highest_fever headache sex wheezing nasal_first nuchal_stiffness final_diagnosis_code,0.6075283596684139
7,shock resp crup_first tachypnea dysphonia neuro_first highest_fever final_diagnosis_code,0.7222735109735738
8,conjuntivitis nasal_first fatiga smokers_home inflam_periferic neuro_first ocular_pain school_confirmed final_diagnosis_code,0.7248814983585948
8,dyarrea tos crup_first headache_first fatiga sympt_epi tachypnea flu_binary final_diagnosis_code,0.7848373411636607
8,artralgies dermatologic crackles gi_first school_symptoms resp headache_first hepato final_diagnosis_code,0.8141615661443832
8,tos ct2 crup_first neuro highest_fever hepato ocular_pain lymph_first final_diagnosis_code,0.6402763633290051
8,neuro_first artralgies crup_first ocular_pain hepato_first spleno_first nasal_congestion hemorrhagies final_diagnosis_code,0.8172317769826766
8,dyarrea conjuntivitis smokers_home fatiga inflam_periferic shock_first gi_symptoms artritis final_diagnosis_code,0.7179127852413756
8,hepato_first fever headache home_confirmed smokers_home crackles shock shock_first final_diagnosis_code,0.7826772863639264
8,symptoms_binary fatiga conjuntivitis hepato sympt_epi ausc_resp tos nasal_first final_diagnosis_code,0.8598706493508498
8,sympt_epi gi_first gi_symptoms disfonia_first fever sex lymph_first dermatologic final_diagnosis_code,0.8411382207586953
8,hepato gi_first sex neuro odynophagia hepato_first symptoms_binary crup_first final_diagnosis_code,0.8005816367077664
8,abdominal_pain mialgies taste_first home_confirmed smokers_home artritis tos neuro final_diagnosis_code,0.756866272828278
8,tachypnea home_confirmed taste_first school_symptoms final_diagnosis_code crup_first hemorr_first gi_first final_diagnosis_code,0.7321390305905314
8,school_confirmed sympt_epi sex gi_first taste_first hepato ocular_pain nasal_congestion final_diagnosis_code,0.7722556167986661
8,headache hemorrhagies nasal_first fever dermatologic artralgies mialgies sex final_diagnosis_code,0.7196225948038497
8,abdominal_pain headache sympt_epi dyarrea symptoms_binary hemorrhagies fever school_symptoms final_diagnosis_code,0.8359580436576676
8,peripheral_paralysis irritability tos spleno_first headache nuchal_stiffness school_symptoms resp final_diagnosis_code,0.7749497971474538
8,peripheral_paralysis abdominal_pain sympt_epi taste_first school_symptoms shock fatiga hepato_first final_diagnosis_code,0.7837451966511799
8,nasal_congestion final_diagnosis_code odynophagia wheezing hemorrhagies gi_first resp flu_binary final_diagnosis_code,0.730321894382211
8,headache crackles taste_first irritability nasal_first shock_first artritis fatiga final_diagnosis_code,0.7088107342737194
8,resp odynophagia irritability nasal_congestion final_diagnosis_code crackles lymph_first nuchal_stiffness final_diagnosis_code,0.6584261642927333
9,fever artralgies artritis tachypnea ct2 tos nasal_congestion hemorrhagies sympt_epi final_diagnosis_code,0.7851107363708955
9,tachypnea hepato_first shock flu_binary wheezing hepato disfonia_first dyarrea school_symptoms final_diagnosis_code,0.85679548532428
9,school_symptoms gi_first crackles gi_symptoms mialgies ausc_resp shock hemorrhagies hepato_first final_diagnosis_code,0.859609910681429
9,disfonia_first headache smokers_home sex abdominal_pain shock crackles hemorr_first ct2 final_diagnosis_code,0.688878951755606
9,fever irritability artritis ausc_resp hemorrhagies ct2 sympt_epi taste_first headache final_diagnosis_code,0.7860315489094027
9,shock hepato_first final_diagnosis_code crackles hepato tachypnea headache dolor_toracic dyarrea final_diagnosis_code,0.7706219948602037
9,highest_fever odynophagia neuro sympt_epi nasal_first conjuntivitis neuro_first flu_binary dyarrea final_diagnosis_code,0.6876416110529455
9,flu_binary ct2 resp tos headache peripheral_paralysis home_confirmed odynophagia spleno_first final_diagnosis_code,0.8137200003275005
9,dysphonia hemorrhagies ocular_pain headache_first highest_fever disfonia_first spleno_first tos dolor_toracic final_diagnosis_code,0.7746936559625875
9,shock lymph_first headache_first nasal_congestion hemorrhagies hemorr_first ausc_resp neuro_first neuro final_diagnosis_code,0.7365567565306284
9,nasal_congestion dolor_toracic symptoms_binary disfonia_first home_confirmed neuro_first school_confirmed gi_first smokers_home final_diagnosis_code,0.7537211062962965
9,neuro_first sex conjuntivitis tachypnea abdominal_pain spleno_first crup_first artritis smokers_home final_diagnosis_code,0.8141157888633213
9,conjuntivitis abdominal_pain headache_first inflam_periferic headache school_symptoms home_confirmed artritis neuro_first final_diagnosis_code,0.8273455466132781
9,artritis dermatologic peripheral_paralysis fever artralgies irritability crackles sympt_epi home_confirmed final_diagnosis_code,0.8267786809970253
9,hepato artralgies tos neuro home_confirmed symptoms_binary headache dyarrea mialgies final_diagnosis_code,0.7577780146953252
9,ausc_resp taste_first ct2 gi_first conjuntivitis spleno_first hemorrhagies inflam_periferic nasal_congestion final_diagnosis_code,0.8020912075246904
9,crup mialgies hemorr_first flu_binary headache_first ocular_pain resp shock_first sex final_diagnosis_code,0.75362816017823
9,gi_symptoms dysphonia crackles spleno_first symptoms_binary school_confirmed crup resp hemorr_first final_diagnosis_code,0.7919776160408175
9,wheezing gi_first crup_first headache disfonia_first artritis mialgies dolor_toracic hemorrhagies final_diagnosis_code,0.8212209615521898
9,ct2 nasal_congestion spleno_first taste_first fever irritability shock_first hemorr_first dyarrea final_diagnosis_code,0.6047138634865533
10,final_diagnosis_code shock headache smokers_home symptoms_binary gi_first flu_binary crup_first dysphonia spleno_first final_diagnosis_code,0.7693235959231921
10,tachypnea inflam_periferic neuro_first crackles dolor_toracic flu_binary school_symptoms shock_first nasal_congestion hepato_first final_diagnosis_code,0.7651344919293582
10,flu_binary conjuntivitis ausc_resp school_confirmed fever smokers_home neuro crup dermatologic artritis final_diagnosis_code,0.8446722341299164
10,flu_binary hepato nasal_congestion symptoms_binary inflam_periferic taste_first mialgies school_confirmed abdominal_pain shock_first final_diagnosis_code,0.7021129667298801
10,nasal_first fatiga hemorr_first neuro home_confirmed inflam_periferic artritis nuchal_stiffness smokers_home highest_fever final_diagnosis_code,0.6421334540858362
10,nasal_congestion artritis home_confirmed gi_symptoms shock_first spleno_first symptoms_binary odynophagia crup_first headache final_diagnosis_code,0.7838450224794792
10,odynophagia tachypnea dermatologic peripheral_paralysis crup nasal_first artralgies hemorrhagies school_confirmed disfonia_first final_diagnosis_code,0.7449394274870994
10,artritis ct2 abdominal_pain final_diagnosis_code wheezing dysphonia crackles hemorr_first dermatologic artralgies final_diagnosis_code,0.7303475498636953
10,nasal_congestion gi_symptoms sex ct2 lymph_first wheezing dysphonia dermatologic ocular_pain hemorrhagies final_diagnosis_code,0.7037032997567177
10,school_symptoms headache_first dyarrea fever crackles dysphonia flu_binary ct2 neuro dermatologic final_diagnosis_code,0.7331508714572013
10,artritis conjuntivitis mialgies highest_fever shock_first nuchal_stiffness school_confirmed headache_first taste_first neuro_first final_diagnosis_code,0.7469330662935952
10,final_diagnosis_code gi_first shock conjuntivitis lymph_first ct2 crup_first resp peripheral_paralysis hepato final_diagnosis_code,0.7333420237649897
10,flu_binary hepato tos lymph_first hemorr_first ocular_pain crup hepato_first school_confirmed artralgies final_diagnosis_code,0.8135414176732664
10,hemorrhagies inflam_periferic shock artritis peripheral_paralysis ct2 mialgies crup irritability highest_fever final_diagnosis_code,0.7041741179070077
10,ocular_pain ausc_resp irritability shock smokers_home nasal_first neuro peripheral_paralysis shock_first school_symptoms final_diagnosis_code,0.6780313361395707
10,school_confirmed dysphonia highest_fever neuro_first disfonia_first sex dermatologic nasal_first hemorrhagies peripheral_paralysis final_diagnosis_code,0.7120807478029619
10,conjuntivitis sex school_symptoms shock wheezing flu_binary nasal_congestion hemorrhagies dysphonia crackles final_diagnosis_code,0.8523671367008748
10,gi_first abdominal_pain wheezing highest_fever hepato_first crup_first smokers_home resp ocular_pain ct2 final_diagnosis_code,0.7289982476908897
10,hepato_first hemorrhagies school_confirmed conjuntivitis lymph_first abdominal_pain mialgies ausc_resp wheezing neuro_first final_diagnosis_code,0.8209588955053291
10,spleno_first highest_fever sympt_epi mialgies lymph_first neuro_first dyarrea flu_binary conjuntivitis dermatologic final_diagnosis_code,0.7669337435728601
11,wheezing symptoms_binary dysphonia abdominal_pain dolor_toracic taste_first lymph_first inflam_periferic disfonia_first hemorr_first nuchal_stiffness final_diagnosis_code,0.8459272434101286
11,dermatologic school_symptoms school_confirmed gi_first fever fatiga crup_first flu_binary lymph_first tos ausc_resp final_diagnosis_code,0.7232090428805688
11,irritability nasal_first shock hemorr_first nuchal_stiffness smokers_home dyarrea gi_first nasal_congestion home_confirmed peripheral_paralysis final_diagnosis_code,0.6529412153065411
11,lymph_first disfonia_first hemorrhagies artralgies conjuntivitis gi_first school_confirmed artritis symptoms_binary headache_first dolor_toracic final_diagnosis_code,0.8203396833567349
11,ct2 symptoms_binary abdominal_pain disfonia_first sympt_epi odynophagia nuchal_stiffness conjuntivitis gi_symptoms hemorrhagies shock_first final_diagnosis_code,0.7319902058774419
11,wheezing taste_first irritability ausc_resp disfonia_first mialgies shock ocular_pain crup flu_binary hemorrhagies final_diagnosis_code,0.776073919673851
11,gi_symptoms wheezing abdominal_pain sex hepato_first symptoms_binary crackles lymph_first dysphonia home_confirmed nuchal_stiffness final_diagnosis_code,0.869307685402262
11,crup_first flu_binary dyarrea gi_first dolor_toracic nasal_congestion conjuntivitis highest_fever symptoms_binary odynophagia inflam_periferic final_diagnosis_code,0.7165943395938541
11,gi_symptoms fatiga shock wheezing artralgies mialgies nasal_congestion tos inflam_periferic headache odynophagia final_diagnosis_code,0.7260463926588807
11,hemorrhagies tachypnea tos fatiga lymph_first crup ocular_pain irritability highest_fever nuchal_stiffness crup_first final_diagnosis_code,0.727983991697629
11,symptoms_binary crackles sympt_epi gi_symptoms tos headache ausc_resp resp crup_first tachypnea ocular_pain final_diagnosis_code,0.8309624153047297
11,fatiga symptoms_binary dyarrea flu_binary inflam_periferic neuro_first lymph_first crup artralgies fever final_diagnosis_code final_diagnosis_code,0.6791521154159817
11,spleno_first highest_fever inflam_periferic conjuntivitis tos artralgies dyarrea abdominal_pain mialgies fever school_symptoms final_diagnosis_code,0.7853898452105071
11,irritability tos shock sympt_epi nasal_congestion crup_first neuro odynophagia hemorr_first dermatologic nasal_first final_diagnosis_code,0.7197949376550233
11,nasal_congestion spleno_first highest_fever symptoms_binary irritability home_confirmed resp gi_symptoms abdominal_pain sex conjuntivitis final_diagnosis_code,0.8673313941884948
11,shock home_confirmed hemorrhagies spleno_first fever ocular_pain nasal_congestion conjuntivitis school_confirmed lymph_first odynophagia final_diagnosis_code,0.8322891481233049
11,headache_first sex shock_first home_confirmed fatiga neuro_first abdominal_pain highest_fever sympt_epi ocular_pain irritability final_diagnosis_code,0.6821321607956886
11,nuchal_stiffness dyarrea ausc_resp symptoms_binary artralgies sex artritis crup headache_first fever nasal_congestion final_diagnosis_code,0.7557608015610161
11,neuro ocular_pain dermatologic peripheral_paralysis neuro_first headache taste_first artritis ct2 ausc_resp school_symptoms final_diagnosis_code,0.8149317058554632
11,tachypnea crup_first school_confirmed highest_fever abdominal_pain dyarrea neuro sympt_epi nuchal_stiffness ocular_pain flu_binary final_diagnosis_code,0.6740836831015474
12,taste_first conjuntivitis spleno_first crup neuro disfonia_first highest_fever symptoms_binary ct2 tachypnea ausc_resp mialgies final_diagnosis_code,0.7615293856623571
12,final_diagnosis_code highest_fever headache_first artritis peripheral_paralysis school_symptoms ocular_pain symptoms_binary dysphonia shock gi_first crup_first final_diagnosis_code,0.6182488593398948
12,gi_first conjuntivitis crup_first sex fever dolor_toracic dyarrea abdominal_pain headache_first school_symptoms flu_binary home_confirmed final_diagnosis_code,0.7623726949699419
12,nasal_first mialgies gi_first tachypnea dyarrea hepato_first headache symptoms_binary abdominal_pain dermatologic crackles dolor_toracic final_diagnosis_code,0.8530452599692271
12,fatiga highest_fever crup_first abdominal_pain tos neuro_first wheezing disfonia_first flu_binary gi_symptoms tachypnea dyarrea final_diagnosis_code,0.7288726812643419
12,conjuntivitis dysphonia dermatologic fatiga headache peripheral_paralysis sympt_epi hepato disfonia_first highest_fever crup dolor_toracic final_diagnosis_code,0.7520456971637348
12,gi_symptoms headache irritability abdominal_pain hemorr_first neuro_first hepato_first artritis ausc_resp tos lymph_first conjuntivitis final_diagnosis_code,0.7394194976727119
12,headache home_confirmed nuchal_stiffness gi_symptoms highest_fever shock_first hepato hemorr_first tos crup_first dyarrea mialgies final_diagnosis_code,0.5915588625565947
12,peripheral_paralysis school_confirmed fatiga mialgies headache neuro dermatologic symptoms_binary nasal_first home_confirmed hepato lymph_first final_diagnosis_code,0.8156248797162159
12,neuro_first smokers_home fever ct2 hepato_first gi_symptoms inflam_periferic final_diagnosis_code wheezing spleno_first hepato neuro final_diagnosis_code,0.6849613137822494
12,conjuntivitis nuchal_stiffness hemorr_first wheezing peripheral_paralysis symptoms_binary dolor_toracic crackles dysphonia neuro_first gi_symptoms sex final_diagnosis_code,0.8100151026257142
12,crup neuro shock_first gi_symptoms irritability odynophagia final_diagnosis_code tachypnea taste_first crup_first ct2 resp final_diagnosis_code,0.6123987684444232
12,resp crup gi_first tos inflam_periferic final_diagnosis_code irritability abdominal_pain smokers_home nasal_first peripheral_paralysis artritis final_diagnosis_code,0.7009287252178458
12,conjuntivitis nuchal_stiffness hemorrhagies crackles lymph_first irritability home_confirmed shock sex smokers_home tos nasal_first final_diagnosis_code,0.7904567505597442
12,ct2 irritability crup_first smokers_home spleno_first abdominal_pain crup neuro_first artralgies tachypnea tos nasal_congestion final_diagnosis_code,0.7105568771888797
12,crackles artritis neuro home_confirmed hemorrhagies mialgies final_diagnosis_code neuro_first ct2 tachypnea sex crup final_diagnosis_code,0.731768717341581
12,smokers_home ct2 sex ausc_resp mialgies school_confirmed conjuntivitis school_symptoms nuchal_stiffness disfonia_first nasal_first final_diagnosis_code final_diagnosis_code,0.640855647367123
12,taste_first hemorrhagies ct2 artralgies dysphonia nuchal_stiffness wheezing dyarrea tos flu_binary headache_first headache final_diagnosis_code,0.716677897861391
12,wheezing crackles crup abdominal_pain inflam_periferic fever smokers_home home_confirmed irritability neuro_first spleno_first symptoms_binary final_diagnosis_code,0.7681522647707718
12,crup nuchal_stiffness tos mialgies dermatologic fatiga sex hepato taste_first dyarrea gi_symptoms sympt_epi final_diagnosis_code,0.7566876647791746
13,shock disfonia_first final_diagnosis_code taste_first sex fatiga nasal_first dyarrea lymph_first gi_symptoms hepato odynophagia spleno_first final_diagnosis_code,0.72409037351044
13,neuro_first headache peripheral_paralysis gi_symptoms fatiga shock_first odynophagia lymph_first conjuntivitis fever symptoms_binary school_symptoms spleno_first final_diagnosis_code,0.6903706153206525
13,odynophagia disfonia_first sympt_epi dermatologic resp tos highest_fever shock_first sex dysphonia fatiga headache_first wheezing final_diagnosis_code,0.7657851536925623
13,dermatologic dyarrea irritability school_confirmed gi_first neuro conjuntivitis highest_fever taste_first dysphonia wheezing sympt_epi neuro_first final_diagnosis_code,0.714087563987553
13,smokers_home hepato_first shock nasal_congestion dermatologic school_confirmed mialgies lymph_first tachypnea ct2 symptoms_binary disfonia_first irritability final_diagnosis_code,0.8071693397709689
13,ct2 tachypnea disfonia_first gi_first school_symptoms artritis ocular_pain headache dyarrea crup wheezing symptoms_binary nasal_congestion final_diagnosis_code,0.7729711050166619
13,gi_first symptoms_binary sex ct2 school_confirmed resp odynophagia final_diagnosis_code irritability tachypnea mialgies taste_first shock_first final_diagnosis_code,0.6691761290373924
13,abdominal_pain disfonia_first fever dyarrea highest_fever shock_first resp school_confirmed hemorr_first peripheral_paralysis hepato_first headache_first conjuntivitis final_diagnosis_code,0.67757875000194
13,artritis crackles odynophagia spleno_first fever ct2 highest_fever crup_first dermatologic headache tachypnea hemorr_first shock final_diagnosis_code,0.6703405275879677
13,shock spleno_first school_confirmed headache taste_first highest_fever crup_first school_symptoms ocular_pain artralgies inflam_periferic headache_first flu_binary final_diagnosis_code,0.6989113118202684
13,hepato_first dysphonia highest_fever crup resp conjuntivitis ct2 fever nuchal_stiffness gi_symptoms gi_first dolor_toracic dyarrea final_diagnosis_code,0.7452081120342041
13,inflam_periferic abdominal_pain hemorrhagies headache_first lymph_first mialgies school_confirmed dyarrea sympt_epi gi_symptoms highest_fever crup home_confirmed final_diagnosis_code,0.7739333497145549
13,flu_binary hepato gi_first abdominal_pain taste_first home_confirmed nasal_first highest_fever nasal_congestion headache_first headache ocular_pain ausc_resp final_diagnosis_code,0.7808814874899854
13,hemorrhagies shock_first shock sympt_epi fatiga conjuntivitis fever tachypnea neuro_first dyarrea dysphonia inflam_periferic dermatologic final_diagnosis_code,0.7009536547079539
13,peripheral_paralysis symptoms_binary gi_symptoms wheezing neuro hepato ct2 dermatologic dolor_toracic tachypnea spleno_first flu_binary shock_first final_diagnosis_code,0.7856542699064845
13,disfonia_first crup_first resp wheezing school_confirmed nuchal_stiffness shock ausc_resp lymph_first school_symptoms headache_first shock_first fatiga final_diagnosis_code,0.7718304785952711
13,fever crup_first shock wheezing dysphonia headache_first shock_first hemorr_first sympt_epi neuro irritability dolor_toracic artritis final_diagnosis_code,0.6928739099646355
13,disfonia_first crackles resp dolor_toracic headache_first sex artralgies spleno_first neuro nasal_congestion ct2 highest_fever smokers_home final_diagnosis_code,0.6823783001565672
13,irritability spleno_first smokers_home artralgies nuchal_stiffness crup_first flu_binary inflam_periferic tos fever gi_first symptoms_binary hemorrhagies final_diagnosis_code,0.6816640176259615
13,neuro_first shock_first flu_binary tachypnea artralgies hemorrhagies ct2 ausc_resp final_diagnosis_code school_symptoms sympt_epi odynophagia dysphonia final_diagnosis_code,0.6603285547788057
14,nasal_first final_diagnosis_code flu_binary neuro_first sex nasal_congestion crackles hemorrhagies crup_first odynophagia home_confirmed spleno_first artritis wheezing final_diagnosis_code,0.7695787438922629
14,tos neuro crackles crup sympt_epi odynophagia dysphonia irritability shock_first smokers_home lymph_first crup_first final_diagnosis_code school_symptoms final_diagnosis_code,0.6800995867365588
14,ocular_pain taste_first crackles artritis nasal_first dyarrea school_confirmed crup tachypnea odynophagia inflam_periferic dolor_toracic gi_first highest_fever final_diagnosis_code,0.7342693352345314
14,dolor_toracic headache_first irritability dyarrea wheezing hepato_first tos sex final_diagnosis_code gi_symptoms ct2 headache school_symptoms conjuntivitis final_diagnosis_code,0.6931614690443193
14,fever dermatologic sympt_epi hemorrhagies artritis sex gi_symptoms inflam_periferic headache_first irritability headache taste_first final_diagnosis_code lymph_first final_diagnosis_code,0.7087037950340529
14,odynophagia dermatologic irritability wheezing shock school_confirmed school_symptoms symptoms_binary disfonia_first ct2 ocular_pain hemorrhagies fever headache_first final_diagnosis_code,0.8001918952121444
14,nuchal_stiffness abdominal_pain spleno_first headache_first wheezing hepato shock mialgies fatiga dyarrea neuro ausc_resp artralgies school_symptoms final_diagnosis_code,0.8073734864143076
14,nasal_congestion symptoms_binary neuro artralgies sympt_epi taste_first disfonia_first inflam_periferic headache_first gi_first headache fever lymph_first smokers_home final_diagnosis_code,0.718423934569373
14,sex ausc_resp hepato wheezing crup_first hepato_first smokers_home irritability nasal_first dysphonia nasal_congestion tachypnea dyarrea symptoms_binary final_diagnosis_code,0.8276452731686665
14,final_diagnosis_code mialgies spleno_first gi_symptoms conjuntivitis irritability fever tachypnea hepato tos school_symptoms wheezing highest_fever home_confirmed final_diagnosis_code,0.7819076537626243
14,hemorr_first spleno_first wheezing symptoms_binary disfonia_first nuchal_stiffness flu_binary hepato artritis shock dysphonia conjuntivitis taste_first sex final_diagnosis_code,0.9002335531135156
14,wheezing neuro abdominal_pain school_symptoms home_confirmed dolor_toracic gi_first crup spleno_first odynophagia flu_binary taste_first tachypnea headache_first final_diagnosis_code,0.7367832079544304
14,sympt_epi hemorr_first tos taste_first irritability wheezing gi_symptoms ausc_resp dermatologic nasal_congestion highest_fever disfonia_first ct2 home_confirmed final_diagnosis_code,0.6985599988007422
14,fever wheezing final_diagnosis_code dermatologic home_confirmed dolor_toracic abdominal_pain dysphonia tos sex headache nasal_congestion conjuntivitis irritability final_diagnosis_code,0.6962967560914545
14,crackles final_diagnosis_code symptoms_binary gi_symptoms nasal_congestion resp flu_binary hemorr_first artritis ausc_resp tos hepato_first highest_fever school_confirmed final_diagnosis_code,0.7545649723148986
14,nuchal_stiffness artritis ct2 wheezing smokers_home resp odynophagia highest_fever tos lymph_first school_confirmed hemorr_first gi_first artralgies final_diagnosis_code,0.5909160194339566
14,school_symptoms crup ausc_resp hemorrhagies conjuntivitis hepato lymph_first gi_first inflam_periferic sympt_epi tachypnea headache_first abdominal_pain sex final_diagnosis_code,0.7591871976563034
14,hepato school_symptoms shock crup_first sympt_epi disfonia_first hemorr_first final_diagnosis_code ocular_pain nuchal_stiffness hepato_first dolor_toracic sex conjuntivitis final_diagnosis_code,0.7431629159279638
14,artralgies hepato dysphonia conjuntivitis dermatologic flu_binary inflam_periferic highest_fever tos sympt_epi nuchal_stiffness artritis crup_first irritability final_diagnosis_code,0.6993916470316192
14,lymph_first crup shock_first odynophagia hemorr_first nasal_first hemorrhagies shock crup_first smokers_home abdominal_pain spleno_first highest_fever gi_first final_diagnosis_code,0.6499596058012437
15,nuchal_stiffness crackles flu_binary smokers_home neuro gi_first fever sex dysphonia conjuntivitis hepato_first hemorr_first inflam_periferic tos spleno_first final_diagnosis_code,0.7064578134278561
15,school_symptoms ct2 highest_fever fatiga inflam_periferic shock disfonia_first gi_first peripheral_paralysis home_confirmed headache sympt_epi crup_first ocular_pain mialgies final_diagnosis_code,0.5793913000566339
15,dyarrea ocular_pain odynophagia final_diagnosis_code fatiga highest_fever ct2 neuro symptoms_binary dermatologic hemorrhagies gi_first artralgies spleno_first tos final_diagnosis_code,0.651570889822492
15,ct2 final_diagnosis_code nuchal_stiffness ausc_resp neuro_first home_confirmed dolor_toracic spleno_first crup_first taste_first disfonia_first gi_symptoms sex hemorr_first symptoms_binary final_diagnosis_code,0.725227820959351
15,shock ct2 gi_first artritis crup_first tos nuchal_stiffness home_confirmed nasal_first hemorrhagies symptoms_binary irritability shock_first odynophagia dermatologic final_diagnosis_code,0.7020179770088497
15,neuro wheezing dermatologic school_confirmed headache highest_fever sex final_diagnosis_code smokers_home ausc_resp neuro_first school_symptoms flu_binary nuchal_stiffness fever final_diagnosis_code,0.6462128545264403
15,peripheral_paralysis fatiga dyarrea hepato_first hemorr_first spleno_first dolor_toracic lymph_first crackles school_symptoms disfonia_first headache fever home_confirmed sympt_epi final_diagnosis_code,0.7382502873397221
15,conjuntivitis abdominal_pain ct2 tos crup artralgies dolor_toracic disfonia_first spleno_first fatiga school_confirmed nasal_congestion symptoms_binary final_diagnosis_code dermatologic final_diagnosis_code,0.6902741208975582
15,school_symptoms crup_first irritability wheezing artritis dermatologic hemorr_first mialgies spleno_first gi_first home_confirmed artralgies crup fever disfonia_first final_diagnosis_code,0.6749008008305936
15,abdominal_pain fever school_symptoms taste_first flu_binary dermatologic sex smokers_home conjuntivitis neuro_first odynophagia hemorr_first artritis dolor_toracic hemorrhagies final_diagnosis_code,0.6214654053988882
15,sympt_epi dolor_toracic headache_first shock_first artritis ocular_pain hepato ausc_resp fever peripheral_paralysis disfonia_first nasal_congestion wheezing odynophagia tos final_diagnosis_code,0.7476619186548513
15,home_confirmed school_symptoms neuro resp school_confirmed ct2 shock_first lymph_first dolor_toracic dermatologic spleno_first wheezing headache crup_first dyarrea final_diagnosis_code,0.6924119483295388
15,school_symptoms neuro symptoms_binary gi_first resp hemorrhagies shock flu_binary taste_first ocular_pain wheezing artralgies school_confirmed tos nuchal_stiffness final_diagnosis_code,0.7610204145238544
15,mialgies final_diagnosis_code headache_first neuro_first conjuntivitis dolor_toracic dermatologic smokers_home crackles headache sympt_epi tos crup resp lymph_first final_diagnosis_code,0.7142125745653217
15,resp hepato_first tos crup_first hepato irritability nuchal_stiffness neuro_first nasal_congestion nasal_first spleno_first hemorr_first school_symptoms ocular_pain abdominal_pain final_diagnosis_code,0.7123596538688288
15,crackles resp school_confirmed ocular_pain peripheral_paralysis hemorrhagies school_symptoms dyarrea inflam_periferic sympt_epi wheezing fever hemorr_first nasal_congestion taste_first final_diagnosis_code,0.6704299908490429
15,ausc_resp neuro_first crup taste_first highest_fever hemorrhagies headache_first lymph_first dysphonia irritability tos spleno_first final_diagnosis_code gi_first ct2 final_diagnosis_code,0.62731319754985
15,school_confirmed hepato_first ct2 dysphonia headache_first smokers_home shock_first hepato crup_first lymph_first resp sympt_epi highest_fever school_symptoms home_confirmed final_diagnosis_code,0.6990086118393424
15,headache_first smokers_home fatiga ausc_resp inflam_periferic crup_first conjuntivitis hepato disfonia_first hemorrhagies dolor_toracic resp hepato_first abdominal_pain home_confirmed final_diagnosis_code,0.7253257267431981
15,conjuntivitis sex shock headache lymph_first ocular_pain ct2 odynophagia abdominal_pain school_symptoms hemorrhagies dysphonia inflam_periferic dolor_toracic crackles final_diagnosis_code,0.6534740383005109
16,hemorr_first dyarrea dermatologic gi_symptoms headache sympt_epi artritis school_symptoms ct2 inflam_periferic sex gi_first hepato dysphonia smokers_home abdominal_pain final_diagnosis_code,0.7173679515163099
16,neuro school_symptoms hepato_first nasal_congestion school_confirmed hepato headache nuchal_stiffness odynophagia crackles hemorrhagies spleno_first neuro_first abdominal_pain peripheral_paralysis final_diagnosis_code final_diagnosis_code,0.7063472499247752
16,nasal_first crup ocular_pain artralgies peripheral_paralysis tachypnea wheezing headache_first headache dolor_toracic shock_first sex artritis neuro flu_binary school_symptoms final_diagnosis_code,0.6420925517599698
16,hemorr_first sex mialgies nasal_congestion hemorrhagies headache headache_first inflam_periferic final_diagnosis_code gi_first crackles flu_binary gi_symptoms peripheral_paralysis shock_first neuro_first final_diagnosis_code,0.5598929527370721
16,school_confirmed dysphonia home_confirmed lymph_first sympt_epi abdominal_pain resp ct2 crup headache_first odynophagia peripheral_paralysis artralgies inflam_periferic mialgies gi_first final_diagnosis_code,0.6634269938022247
16,crup symptoms_binary school_symptoms gi_symptoms inflam_periferic highest_fever hemorr_first shock_first shock home_confirmed crup_first crackles dermatologic ct2 irritability taste_first final_diagnosis_code,0.616822452077319
16,gi_first school_confirmed headache_first wheezing symptoms_binary conjuntivitis sympt_epi school_symptoms dysphonia mialgies final_diagnosis_code sex hepato fever highest_fever peripheral_paralysis final_diagnosis_code,0.7276609713301456
16,peripheral_paralysis ocular_pain ct2 conjuntivitis wheezing dysphonia irritability mialgies dyarrea highest_fever tos spleno_first resp fever sex disfonia_first final_diagnosis_code,0.7161437865541641
16,hepato nuchal_stiffness shock_first hemorr_first neuro artritis crup ct2 school_confirmed hemorrhagies abdominal_pain symptoms_binary neuro_first taste_first tos inflam_periferic final_diagnosis_code,0.6967608603708559
16,final_diagnosis_code headache_first irritability ct2 nuchal_stiffness inflam_periferic ausc_resp sex tos dermatologic home_confirmed crup tachypnea headache peripheral_paralysis resp final_diagnosis_code,0.6844900120063105
16,dyarrea school_symptoms artralgies crup ct2 dysphonia crup_first crackles hemorrhagies fatiga headache_first hepato flu_binary headache lymph_first hepato_first final_diagnosis_code,0.7311746983925248
16,dyarrea hepato_first peripheral_paralysis symptoms_binary tos ocular_pain sex neuro_first dolor_toracic taste_first disfonia_first tachypnea fever hemorr_first shock highest_fever final_diagnosis_code,0.6852366534626697
16,headache nuchal_stiffness conjuntivitis shock hepato flu_binary peripheral_paralysis resp disfonia_first nasal_first wheezing nasal_congestion dolor_toracic taste_first lymph_first symptoms_binary final_diagnosis_code,0.8270707019588098
16,irritability crackles dermatologic hemorr_first lymph_first spleno_first wheezing artritis sex home_confirmed artralgies dolor_toracic neuro fever nasal_first dysphonia final_diagnosis_code,0.7158887624343744
16,dolor_toracic crup_first lymph_first headache wheezing dyarrea flu_binary ausc_resp tachypnea school_confirmed headache_first hepato nasal_congestion hepato_first spleno_first dermatologic final_diagnosis_code,0.7607233889627141
16,tos ct2 crup_first fever conjuntivitis school_confirmed shock_first mialgies ocular_pain resp ausc_resp inflam_periferic sex crup dyarrea artritis final_diagnosis_code,0.6338267351637292
16,spleno_first hemorrhagies shock_first crup_first inflam_periferic highest_fever shock tos artralgies ocular_pain school_confirmed nasal_congestion neuro tachypnea resp crackles final_diagnosis_code,0.67695219852716
16,sex headache_first dolor_toracic crup dysphonia dyarrea hemorrhagies home_confirmed irritability shock taste_first resp symptoms_binary dermatologic nasal_congestion flu_binary final_diagnosis_code,0.7118924292269768
16,shock_first nasal_congestion smokers_home sex mialgies headache conjuntivitis lymph_first crup sympt_epi ausc_resp school_symptoms symptoms_binary wheezing ocular_pain dermatologic final_diagnosis_code,0.6897167499622268
16,wheezing irritability school_symptoms disfonia_first tachypnea artritis lymph_first home_confirmed neuro dolor_toracic nasal_congestion taste_first headache fatiga hemorr_first dysphonia final_diagnosis_code,0.686063127020288
17,dyarrea fatiga flu_binary irritability wheezing hemorr_first tachypnea resp symptoms_binary shock hepato_first highest_fever artritis fever disfonia_first sex school_symptoms final_diagnosis_code,0.7691683274828498
17,inflam_periferic crup_first fever artralgies odynophagia ocular_pain hemorrhagies nuchal_stiffness home_confirmed wheezing irritability disfonia_first sex neuro ct2 dysphonia fatiga final_diagnosis_code,0.6712519187832481
17,resp odynophagia irritability dysphonia nasal_congestion hepato_first dyarrea sympt_epi dolor_toracic gi_symptoms tachypnea sex hemorrhagies headache school_symptoms symptoms_binary neuro final_diagnosis_code,0.7455159760058119
17,taste_first home_confirmed disfonia_first nuchal_stiffness crup_first tos hemorr_first resp ct2 gi_first school_symptoms shock tachypnea spleno_first abdominal_pain crackles peripheral_paralysis final_diagnosis_code,0.7257695565815969
17,sex nuchal_stiffness wheezing peripheral_paralysis conjuntivitis inflam_periferic hemorr_first gi_symptoms lymph_first ausc_resp dolor_toracic disfonia_first dysphonia artralgies dermatologic hemorrhagies crackles final_diagnosis_code,0.7625619989769148
17,nuchal_stiffness crackles smokers_home conjuntivitis crup spleno_first dysphonia ausc_resp mialgies crup_first fatiga final_diagnosis_code headache inflam_periferic resp wheezing tos final_diagnosis_code,0.7656247594803971
17,conjuntivitis resp nuchal_stiffness school_symptoms mialgies hepato ocular_pain wheezing final_diagnosis_code crup taste_first sympt_epi symptoms_binary flu_binary gi_symptoms neuro_first dysphonia final_diagnosis_code,0.7494040062770639
17,dolor_toracic fever home_confirmed hemorr_first hemorrhagies hepato_first smokers_home crup_first final_diagnosis_code odynophagia dyarrea nuchal_stiffness headache wheezing shock_first fatiga disfonia_first final_diagnosis_code,0.552889857827036
17,dolor_toracic tos nasal_first home_confirmed flu_binary taste_first sex odynophagia gi_first resp hemorrhagies neuro_first hemorr_first peripheral_paralysis final_diagnosis_code headache abdominal_pain final_diagnosis_code,0.5693751073306165
17,ocular_pain fever flu_binary abdominal_pain crup_first crup shock disfonia_first sex highest_fever headache mialgies neuro_first gi_symptoms dolor_toracic nuchal_stiffness headache_first final_diagnosis_code,0.6314241403046963
17,artralgies mialgies abdominal_pain smokers_home home_confirmed sympt_epi tachypnea shock resp gi_first spleno_first sex neuro_first dolor_toracic headache_first school_symptoms final_diagnosis_code final_diagnosis_code,0.70142549965173
17,neuro_first artritis irritability resp ausc_resp symptoms_binary ct2 highest_fever abdominal_pain neuro shock_first spleno_first nasal_congestion conjuntivitis ocular_pain hepato_first school_symptoms final_diagnosis_code,0.7090271924715635
17,shock_first taste_first headache_first symptoms_binary hepato neuro peripheral_paralysis dyarrea dysphonia gi_first final_diagnosis_code school_symptoms mialgies artralgies tos wheezing hemorrhagies final_diagnosis_code,0.6368880959431666
17,gi_first sex artritis headache fever nasal_first lymph_first school_confirmed tachypnea irritability wheezing school_symptoms nuchal_stiffness final_diagnosis_code fatiga crup_first disfonia_first final_diagnosis_code,0.6243178178177323
17,home_confirmed hepato conjuntivitis neuro odynophagia lymph_first fever flu_binary crup tachypnea abdominal_pain fatiga symptoms_binary sympt_epi nuchal_stiffness crackles dermatologic final_diagnosis_code,0.7432029983275764
17,ct2 resp school_confirmed final_diagnosis_code spleno_first lymph_first tos nasal_first hemorr_first headache dyarrea home_confirmed school_symptoms sympt_epi hepato_first shock_first wheezing final_diagnosis_code,0.675142604125117
17,flu_binary gi_symptoms nasal_first ocular_pain dysphonia school_confirmed mialgies nasal_congestion inflam_periferic hepato shock hemorr_first artritis highest_fever artralgies tos dermatologic final_diagnosis_code,0.6490611159893936
17,abdominal_pain disfonia_first fatiga inflam_periferic hepato school_symptoms gi_first wheezing nasal_congestion neuro_first crup dolor_toracic tos crup_first sex headache_first home_confirmed final_diagnosis_code,0.6789015374899162
17,ocular_pain ausc_resp hepato_first hepato crup resp home_confirmed artralgies disfonia_first headache nasal_congestion dysphonia lymph_first inflam_periferic neuro dolor_toracic sex final_diagnosis_code,0.6973639189999699
17,hemorr_first inflam_periferic dermatologic sex shock headache_first odynophagia mialgies headache symptoms_binary nasal_first artralgies gi_symptoms fever ocular_pain wheezing peripheral_paralysis final_diagnosis_code,0.6835447334979391
18,school_symptoms nasal_first gi_symptoms hemorrhagies tos hepato_first dolor_toracic headache_first conjuntivitis dermatologic nasal_congestion spleno_first abdominal_pain dyarrea final_diagnosis_code shock_first neuro tachypnea final_diagnosis_code,0.7146889606383248
18,inflam_periferic home_confirmed fever tos spleno_first artritis headache_first mialgies shock dyarrea dolor_toracic hepato crackles school_symptoms headache hepato_first symptoms_binary ocular_pain final_diagnosis_code,0.7604011496910021
18,school_symptoms nasal_first irritability crup_first hemorrhagies spleno_first ocular_pain school_confirmed neuro conjuntivitis tachypnea highest_fever home_confirmed abdominal_pain hemorr_first disfonia_first dolor_toracic nasal_congestion final_diagnosis_code,0.6623125821267009
18,odynophagia artritis sex lymph_first dysphonia ocular_pain mialgies tos conjuntivitis shock taste_first nasal_first crackles ct2 dolor_toracic wheezing dermatologic crup_first final_diagnosis_code,0.6976497586050397
18,wheezing home_confirmed sex nasal_first dolor_toracic disfonia_first crup neuro tos flu_binary crup_first taste_first gi_symptoms neuro_first school_confirmed inflam_periferic dermatologic hemorr_first final_diagnosis_code,0.6282243556378552
18,hepato spleno_first inflam_periferic peripheral_paralysis neuro_first crackles tos fatiga dermatologic home_confirmed crup_first resp sympt_epi headache shock disfonia_first symptoms_binary dyarrea final_diagnosis_code,0.7740178687499586
18,resp tachypnea nasal_congestion inflam_periferic tos taste_first peripheral_paralysis gi_first dolor_toracic artralgies crup_first abdominal_pain nasal_first hepato hemorrhagies sympt_epi odynophagia sex final_diagnosis_code,0.6267167655331436
18,lymph_first irritability ausc_resp disfonia_first crup_first flu_binary neuro dysphonia sex ct2 dolor_toracic dyarrea nuchal_stiffness wheezing home_confirmed conjuntivitis tachypnea highest_fever final_diagnosis_code,0.6160584749381456
18,conjuntivitis inflam_periferic irritability tos sex taste_first fatiga nuchal_stiffness shock_first fever hemorrhagies final_diagnosis_code artritis dysphonia spleno_first ocular_pain tachypnea hemorr_first final_diagnosis_code,0.6919070045974532
18,sympt_epi symptoms_binary odynophagia irritability headache_first wheezing ausc_resp nuchal_stiffness nasal_congestion fatiga abdominal_pain final_diagnosis_code mialgies dysphonia artralgies smokers_home hemorr_first headache final_diagnosis_code,0.6651462405381583
18,ausc_resp ct2 ocular_pain fever home_confirmed spleno_first shock conjuntivitis gi_first disfonia_first neuro hepato flu_binary school_confirmed odynophagia dolor_toracic artralgies crackles final_diagnosis_code
